name,address
LBIQ,WPUV
CYUD,IJON
BZYR,AGKC
LABC,CVPJ
SSCA,KKSQ
NKGP,TAUX
IBEG,XKUR
DLNO,KKCD
BLAH,JSLU
QDWX,AGDW
FKTW,MCKN
NOEL,ZPDZ
HBGX,SPIW
TRFB,YULS
SNOC,JOMU
QZVF,TAEX
HIKL,DAMY
CAPZ,TAQV
EDKR,VUET
SJHT,NDXK
SEZU,GIBI
PCIO,WDCC
DMKE,UYMC
VMDJ,ZUAH
CTAS,ODPE
KPMC,IBCI
YJMI,UHVS
FWOE,VVNE
CJUJ,XPBE
XWFA,MXTL
PENZ,DLZJ
QQQA,YVIQ
NBSX,AAON
YYXT,KZSD
JFPW,BCOF
SYGX,GRSD
EQYH,RQPX
RAIZ,PNGA
OGZP,AZPD
RNVF,AYMC
MIZI,IXNR
KMAY,KPAV
XAAS,NSOE
JEQW,YSLY
GJPU,TTXO
GRFM,AFDS
PRKU,OVTZ
PYUS,AELZ
FXAH,XKOK
XJAO,HCOZ
HQOC,VEVM
DVYL,SKHG
IVNE,YHZB
EPMK,BZOS
RUKW,SBQQ
EYBZ,ZJFR
MVQT,RQYY
TXLP,ZFJA
VDHX,ODTT
LNYB,MAOH
MGJQ,RGGQ
LZXC,KOVF
GGSF,NAWA
MKHG,OYUI
XJFO,KUXY
TVKR,MUBR
ZMXT,XCTH
YOFQ,LTJA
SQTK,VYIU
XVNH,KSEL
IYQA,LZGY
NLED,FRFC
GGHW,EHKC
ZGZC,LIHI
QTXB,YMGS
OZHZ,XCDX
OPTD,WARF
THMU,PXAG
BTCA,FGCT
QKXG,SZIY
CORI,IOQP
SHSC,BODJ
CHAO,YANG
VDAJ,YCSN
MUPM,KZFC
ZWUI,XZFX
MJUA,AYFQ
HHBG,GLGZ
WOWH,NNEK
WZKQ,GUWH
AIQW,ZRXU
UVVH,EVWR
FMBR,HTHV
AYJV,DGBU
QLPP,REEK
QHJS,YGEB
YBEX,RKPD
JRLD,CIKR
EOOI,OOCW
ITIX,HTIN
IHQB,FRHI
